IDENT;Regroupement;Ensemble;Decile1;Decile2;Decile3;Decile4;Decile5;Decile6;Decile7;Decile8;Decile9;Decile10
0;TOTAL DE LA CONSOMMATION - CHAMP COMPTABILITE NATIONALE;27 408;16 123;18 322;20 071;22 638;23 787;27 081;29 059;32 645;35 867;48 353
1;01 - PRODUITS ALIMENTAIRES ET BOISSONS NON-ALCOOLISEES;4 410;2 863;3 436;3 539;4 098;4 042;4 403;4 536;5 174;5 436;6 559
11;011 - Produits alimentaires (hors cafe, the, cacao et boissons);3 898;2 531;3 061;3 148;3 672;3 590;3 888;3 987;4 571;4 784;5 735
111;0111 - Pain et cereales, produits a base de cereales (yc patisserie, riz, pates);786;563;655;679;734;770;793;827;911;901;1 026
1111;01111 - Riz sous toutes ses formes et produits a base de riz;31;31;30;26;28;29;32;30;34;33;35
1112;01112 - Pain et autres produits de boulangerie et de viennoiserie yc biscuits et gateaux;496;341;407;431;461;483;511;510;578;567;665
1113;01113 - Pates alimentaires sous toutes leurs formes et plats a base de pates;62;45;50;51;56;58;56;66;76;74;84
1114;01114 - Preparations telles que pate a patisser, gateau industriel, tarte, tourte, quiche, pizza;145;105;120;122;144;151;147;159;163;163;172
1115;01115 - Autres cereales et produits a base de cereales yc farine, semoule, cereales petit dejeuner, couscous, taboule;53;41;47;48;43;50;48;63;59;65;69
112;0112 - Viande;957;605;772;784;970;901;1 001;1 008;1 090;1 138;1 302
1121;01121 - Viande bovine fraîche ou surgelee;255;160;194;201;266;219;264;274;277;320;372
1122;01122 - Viande porcine fraîche ou surgelee;75;51;53;71;83;72;80;78;96;83;82
1123;01123 - Viande ovine ou caprine fraîche ou surgelee;32;22;49;22;29;23;28;31;34;43;41
1124;01124 - Viande de volaille fraîche ou surgelee;159;109;141;123;147;154;169;175;174;175;222
1125;01125 - Viande sechee salee ou fumee, charcuterie et abats, frais ou surgele (jambon, saucisses, pates, abats, etc.);314;183;237;277;328;308;329;327;358;372;422
1126;01126 - Conserve de viande, produit de transformation des viandes, plat prepare de viande;111;72;88;84;106;115;116;113;130;132;149
1127;01127 - Autres viandes comestibles fraîches ou surgelees (cheval, lapin, gibier) yc animaux sur pied;12;8;10;6;11;9;15;11;20;14;15
113;0113 - Poissons et fruits de mer;297;162;184;198;251;240;296;282;357;421;583
1130;01130 - Poissons frais;111;59;68;74;105;85;102;96;119;164;236
1131;01131 - Poissons surgeles ou congeles (hors poissons panes ou cuisines);19;13;13;11;15;18;21;19;30;21;28
1132;01132 - Fruits de mer frais ou surgeles (yc cuits, nc cuisines );59;25;29;35;46;48;68;57;70;93;119
1133;01133 - Poissons et fruits de mer sales, fumes, seches yc surgele;24;12;9;15;17;17;24;22;39;36;49
1134;01134 - Conserves de poisson et de fruits de mer et plats prepares a base de poissons ou de fruits de mer;85;53;65;63;69;72;81;89;99;106;150
114;0114 - Lait, fromages et Oeufs;572;377;445;473;542;546;558;599;677;678;822
1145;01145 - Fromage et lait caille;278;170;205;209;254;263;267;300;333;333;442
1147;01147 - Oeufs;45;32;35;37;39;41;42;43;61;54;66
0114A;0114A - Lait frais, condense, en poudre;73;60;70;77;80;71;72;70;73;70;82
0114B;0114B - Yaourts et produits laitiers;177;115;135;150;169;171;177;186;210;221;231
115;0115 - Huiles et graisses;90;67;80;79;91;89;95;84;92;109;112
1151;01151 - Beurre;41;28;33;39;45;39;43;43;47;48;48
0115A;0115A - Huiles alimentaires;35;31;33;27;32;35;37;30;31;47;53
0115B;0115B - Margarine et autres graisses alimentaires;13;7;14;13;14;14;15;12;13;14;10
116;0116 - Fruits;336;207;242;247;291;263;299;360;397;455;596
1161;01161 - Agrumes frais;62;36;41;42;54;51;59;65;73;87;113
1162;01162 - Bananes fraîches;27;24;25;25;31;23;24;27;32;30;33
1168;01168 - Fruits seches;47;32;38;34;36;39;37;44;57;68;87
1169;01169 - Fruits au sirop et fruits surgeles;7;3;3;4;8;8;9;10;9;11;10
0116A;0116A - Autres fruits frais;191;112;134;142;161;142;169;214;227;259;353
117;0117 - Legumes y compris pommes de terre et autres tubercules;449;309;363;363;386;386;437;426;523;582;716
1175;01175 - Legumes secs;7;7;8;6;4;6;6;6;8;9;13
1176;01176 - Legumes surgeles non cuisines;12;6;7;11;15;12;13;11;13;16;20
1177;01177 - Legumes et plats a base de legume, en conserve (sans pommes de terre);52;38;47;44;46;49;48;54;61;67;69
1178;01178 - Legumes prepares et plats a base de legumes, frais et surgeles (sauf les plats a base de pommes de terre);41;18;27;26;34;37;44;41;52;59;69
1179;01179 - Pomme de terre, autres tubercules, produits a base de pommes de terre (chips) et tubercules;82;64;78;74;79;77;84;75;95;93;102
0117A;0117A - Legumes frais;255;177;197;202;208;206;241;238;295;338;443
118;0118 - Sucre, confiture, miel, chocolat, glaces et confiserie;260;150;204;205;254;250;264;266;324;320;358
1181;01181 - Sucre yc edulcorants;15;14;14;16;18;15;14;14;13;16;17
0118A;0118A - Produits a base de sucre et cacao;245;136;190;190;237;235;251;252;311;304;340
119;0119 - Autres produits alimentaires;152;91;118;121;152;146;146;136;202;181;222
0119Z;0119Z - Autres produits alimentaires;152;91;118;121;152;146;146;136;202;181;222
12;012 - Cafe, the et boissons non alcoolisees;343;241;274;292;313;311;349;357;386;416;495
121;0121 - Cafe the cacao;126;69;81;97;111;113;131;125;143;160;227
1213;01213 - Cacao et chocolat en poudre;6;4;8;5;5;6;6;8;5;6;5
0121A;0121A - Cafe, the, plantes a infusion;120;64;73;92;106;107;125;117;138;154;222
122;0122 - Eaux minerales, boissons gazeuses, sirops et jus;218;172;193;195;202;198;218;231;242;256;268
1221;01221 - Eaux minerales;67;36;50;58;58;65;67;76;83;84;91
1222;01222 - Boissons gazeuses;48;52;56;49;47;47;49;43;45;50;44
0122A;0122A - Jus de fruits et de legumes;103;84;87;88;97;86;102;112;115;122;133
13;013 - Autres depenses d alimentation;169;92;100;99;113;141;166;192;217;236;329
131;0131 - Autres depenses d alimentation;169;92;100;99;113;141;166;192;217;236;329
0131Z;0131Z - Autres depenses d alimentation;169;92;100;99;113;141;166;192;217;236;329
2;02 - BOISSONS ALCOOLISEES ET TABAC;788;552;620;710;760;810;885;817;812;827;1 086
21;021 - Boissons alcoolisees;387;185;204;293;333;356;439;423;458;471;703
211;0211 - Spiritueux;100;55;67;104;104;97;112;123;107;110;116
2111;02111 - Spiritueux et liqueurs;100;55;67;104;104;97;112;123;107;110;116
212;0212 - Vins, aperitifs a base de vin, champagne;225;73;94;138;162;180;265;235;292;297;513
0212A;0212A - Vins, aperitifs a base de vin, champagne;225;73;94;138;162;180;265;235;292;297;513
213;0213 - Bieres;62;57;43;51;67;79;62;66;59;64;74
2131;02131 - Biere et boissons a base de biere;62;57;43;51;67;79;62;66;59;64;74
22;022 - Tabac et produits connexes;397;367;416;414;421;448;443;391;348;350;371
220;022Z - Tabac et produits connexes;397;367;416;414;421;448;443;391;348;350;371
022ZZ;022ZZ - Tabac et produits connexes;397;367;416;414;421;448;443;391;348;350;371
24;024 - Autres depenses de boissons alcoolisees, tabac et stupefiants;4;0;0;2;6;5;3;2;6;6;11
241;0241 - Autres depenses de boissons alcoolisees, tabac et stupefiants;4;0;0;2;6;5;3;2;6;6;11
2411;02411 - Depenses de boissons alcoolisees, tabac et stupefiants : cadeau offert a un autre menage;4;0;0;2;6;5;3;2;6;6;11
3;03 - ARTICLES D’HABILLEMENT ET CHAUSSURES;1 374;902;993;1 018;1 043;1 087;1 279;1 422;1 625;2 020;2 344
31;031 - Tissus et vetements yc services;956;646;703;711;735;767;895;976;1 138;1 393;1 596
311;0311 - Tissus d habillement;4;1;2;1;2;6;5;4;15;3;5
3111;03111 - Tissus pour vetements;4;1;2;1;2;6;5;4;15;3;5
312;0312 - Vetements homme, femme, enfant;894;618;668;680;688;720;845;908;1 054;1 313;1 441
0312Z;0312Z - Vetements homme, femme, enfant;894;618;668;680;688;720;845;908;1 054;1 313;1 441
313;0313 - Accessoires du vetement et mercerie;42;16;24;26;41;35;29;49;52;60;84
3131;03131 - Accessoires du vetement et mercerie;42;16;24;26;41;35;29;49;52;60;84
314;0314 - Nettoyage, reparation et location de vetements;16;11;9;3;4;5;15;15;17;17;67
3141;03141 - Nettoyage, reparation et location de vetements;16;11;9;3;4;5;15;15;17;17;67
32;032 - Chaussures, yc location et reparation;288;192;223;222;225;233;273;287;340;414;473
321;032Z - Chaussures, yc location et reparation;288;192;223;222;225;233;273;287;340;414;473
032ZZ;032ZZ - Chaussures, yc location et reparation;288;192;223;222;225;233;273;287;340;414;473
33;033 - Autres depenses d habillement;129;64;67;85;83;88;112;159;146;213;275
322;0331 - Autres depenses d habillement;129;64;67;85;83;88;112;159;146;213;275
0331Z;0331Z - Autres depenses d habillement;129;64;67;85;83;88;112;159;146;213;275
4;04 - LOGEMENT, EAU, GAZ, ELECTRICITE ET AUTRES COMBUSTIBLES;4 454;3 640;3 974;4 194;4 375;4 369;4 642;4 490;4 557;4 503;5 788
41;041 - Loyers d habitation (nets des aides au logement) pour la residence principale;2 022;1 870;1 936;2 128;2 210;2 227;2 161;1 874;1 949;1 792;2 074
411;0411 - Loyers d habitation (nets des aides au logement) pour la residence principale;1 975;1 840;1 917;2 114;2 168;2 183;2 118;1 795;1 902;1 724;1 987
4111;04111 - Loyers nets des aides au logement (hors charges ou avec charges non isolables) des locataires residence principale;1 975;1 840;1 917;2 114;2 168;2 183;2 118;1 795;1 902;1 724;1 987
412;0412 - Loyers (hors charges ou avec charges non isolables) des locataires autres residences;47;30;18;14;42;44;43;79;47;68;87
4121;04121 - Loyers (hors charges ou avec charges non isolables) des locataires autres residences;47;30;18;14;42;44;43;79;47;68;87
43;043 - Travaux courants d’entretien et de reparation du logement (hors gros travaux);176;65;53;78;81;150;314;296;246;166;306
431;0431 - Produits destines aux travaux courants d’entretien et de reparation du logement (hors gros travaux);176;65;53;78;81;150;314;296;246;166;306
0431Z;0431Z - Produits destines aux travaux courants d’entretien et de reparation du logement (hors gros travaux);176;65;53;78;81;150;314;296;246;166;306
44;044 - Autres services relatifs au logement (ordures, assainissement, eau, charges);834;728;834;775;757;689;771;793;844;932;1 216
441;0443 - Factures d’eau;256;191;207;230;237;244;269;266;280;288;344
4431;04431 - Factures d’eau residence principale, autre logement, dependance, terrain;256;191;207;230;237;244;269;266;280;288;344
444;0444 - Charges collectives;578;537;627;545;519;445;502;527;565;643;872
4441;04441 - Charges collectives relatives au logement (payees isolement du loyer ou credit);578;537;627;545;519;445;502;527;565;643;872
45;045 - Electricite, gaz et autres combustibles;1 353;967;1 123;1 193;1 279;1 281;1 348;1 449;1 427;1 530;1 925
450;0450 - Electricite+gaz (non dissociable);178;111;127;146;146;135;143;171;168;240;394
451;0451 - Electricite;746;592;635;640;683;714;759;814;808;855;957
452;0452 - Gaz et combustibles liquefies (gaz de ville, butane...);431;270;336;397;383;380;393;441;427;506;780
453;0453 - Combustibles liquides;121;73;110;102;157;129;132;132;133;109;129
454;045A - Combustibles solides;55;32;42;54;57;57;64;62;59;60;59
455;thermiques;0;0;0;0;0;0;0;0;0;0;0
46;046 - Autres depenses d’habitation;70;11;29;20;48;22;48;77;91;83;267
461;0461 - Autres depenses d’habitation;70;11;29;20;48;22;48;77;91;83;267
4611;04611 - Autres depenses d’habitation : cadeau offert (a destination d’un autre menage);70;11;29;20;48;22;48;77;91;83;267
5;05 - MEUBLES, ARTICLES DE MENAGE ET ENTRETIEN COURANT DE LA MAISON;1 558;593;773;1 013;997;1 102;1 331;1 599;2 015;2 254;3 889
51;051 - Meubles, articles d’ameublement et decoration, tapis et autres revetements de sol, reparation de ces articles;424;165;207;276;236;292;371;445;606;704;935
511;0511 - Meubles, articles d’ameublement et de decoration;410;164;204;268;221;282;368;417;573;686;912
0511Z;0511Z - Meubles, articles d’ameublement et de decoration;410;164;204;268;221;282;368;417;573;686;912
051AZ;051A - Tapis et autres revetements, pose et reparation;14;2;2;8;15;10;3;27;33;18;23
051AZ;051AZ - Tapis et autres revetements, pose et reparation;14;2;2;8;15;10;3;27;33;18;23
52;052 - Articles de menage en textile (literie, linge de maison, autre textile d ameublement);85;23;44;52;51;75;76;92;104;121;215
520;0521 - Articles de literie et autres articles de menage en textile;85;23;44;52;51;75;76;92;104;121;215
0521Z;0521Z - Articles de literie et autres articles de menage en textile;85;23;44;52;51;75;76;92;104;121;215
53;053 - Gros appareils electromenagers yc de chauffage et reparation de ces appareils;196;93;113;187;173;166;236;197;231;258;307
531;0531 - Gros appareils menagers electriques;171;81;102;175;158;144;214;157;202;217;260
0531Z;0531Z - Gros appareils menagers electriques;171;81;102;175;158;144;214;157;202;217;260
532;0532 - Petit electromenager et installation de ces appareils;25;12;12;12;14;23;23;40;29;41;47
5321;05321 - Petit electromenager;25;12;12;12;14;23;23;40;29;41;47
54;054 - Verrerie, vaisselle, ustensiles de cuisine et article de menage ou toilette;80;35;38;54;70;65;66;93;137;107;129
540;0541 - Verrerie, vaisselle, ustensiles de cuisine et article de menage ou toilette yc reparation;80;35;38;54;70;65;66;93;137;107;129
0541Z;0541Z - Verrerie, vaisselle, ustensiles de cuisine et article de menage ou toilette yc reparation;80;35;38;54;70;65;66;93;137;107;129
55;055 - Outillage pour la maison et le jardin, outillage SAI;208;47;105;129;138;143;165;249;354;238;509
551;0551 - Gros outillage de bricolage, de jardinage et leur reparation;74;16;41;48;49;65;56;113;89;77;191
0551Z;0551Z - Gros outillage de bricolage, de jardinage et leur reparation;74;16;41;48;49;65;56;113;89;77;191
552;0552 - Petit outillage et accessoires de bricolage et jardinage, materiaux exterieurs;134;32;65;81;89;79;109;136;265;161;318
0552Z;0552Z - Petit outillage et accessoires de bricolage et jardinage, materiaux exterieurs;134;32;65;81;89;79;109;136;265;161;318
56;056 - Biens et services pour l’entretien courant du logement (produits et articles d entretien, services domestiques ou d entretien pour le logement);517;215;247;287;308;336;355;482;523;750;1 661
561;0561 - Articles de menage non durables;236;152;205;196;225;235;222;249;274;280;318
0561Z;0561Z - Articles de menage non durables;236;152;205;196;225;235;222;249;274;280;318
562;0562 - Services domestiques et autres services pour le logement;281;63;42;91;83;100;133;233;249;470;1 344
0562Z;0562Z - Services domestiques et autres services pour le logement;281;63;42;91;83;100;133;233;249;470;1 344
57;057 - Autres depenses en equipement;48;14;18;28;22;25;60;42;59;76;133
571;0571 - Autres depenses en equipement;48;14;18;28;22;25;60;42;59;76;133
0571Z;0571Z - Autres depenses en equipement;48;14;18;28;22;25;60;42;59;76;133
6;06 - SANTE;505;254;323;393;413;470;492;578;630;725;768
61;061 - Produits et appareils therapeutiques, materiel medical;254;139;180;187;209;246;234;255;283;400;410
611;0611 - Produits pharmaceutiques, appareils et materiels therapeutiques;254;139;180;187;209;246;234;255;283;400;410
0611Z;0611Z - Produits pharmaceutiques, appareils et materiels therapeutiques;254;139;180;187;209;246;234;255;283;400;410
62;062 - Services de consultation externe;217;98;124;179;185;194;231;273;305;279;301
621;0621 - Services medicaux, depenses medicales SAI;101;42;53;77;99;100;124;107;184;101;122
6211;06211 - Consultations des medecins generalistes ou specialistes hors hospitalisation;101;42;53;77;99;100;124;107;184;101;122
622;0622 - Soins dentaires;61;27;39;54;46;49;67;84;61;99;86
6221;06221 - Dentiste, orthodontie;61;27;39;54;46;49;67;84;61;99;86
623;0623 - Services paramedicaux (labo, radio, soins des auxiliaires medicaux et paramedicaux…);55;29;32;47;41;45;40;82;60;79;92
0623Z;0623Z - Services paramedicaux (labo, radio, soins des auxiliaires medicaux et paramedicaux…);55;29;32;47;41;45;40;82;60;79;92
63;063 - Services et soins hospitaliers;25;10;16;24;17;28;22;35;37;25;37
631;0631 - Services et soins hospitaliers;25;10;16;24;17;28;22;35;37;25;37
6311;06311 - Services et soins hospitaliers;25;10;16;24;17;28;22;35;37;25;37
64;064 - Autres depenses de sante;9;7;3;4;2;2;4;16;5;21;21
641;0641 - Autres depenses de sante;9;7;3;4;2;2;4;16;5;21;21
0641Z;0641Z - Autres depenses de sante;9;7;3;4;2;2;4;16;5;21;21
7;07 - TRANSPORTS;4 482;2 189;2 502;2 725;3 482;3 796;4 518;5 119;5 611;6 034;8 813
71;071 - Achats de vehicules;1 917;660;812;1 021;1 453;1 512;1 975;2 321;2 650;2 500;4 251
711;0711 - Achats d automobiles;1 808;617;771;960;1 363;1 441;1 815;2 202;2 527;2 317;4 055
0711Z;0711Z - Achats d automobiles;1 808;617;771;960;1 363;1 441;1 815;2 202;2 527;2 317;4 055
712;0712 - Achats de motocycles;74;30;27;46;59;46;115;83;77;117;134
7121;07121 - Achats de motocycles neufs et occasion;74;30;27;46;59;46;115;83;77;117;134
713;0713 - Achats de cycles;35;13;14;15;31;25;46;36;45;66;62
7131;07131 - Achats de cycles neufs et occasion;35;13;14;15;31;25;46;36;45;66;62
72;072 - Frais d utilisation de vehicules personnels (entretien, essence, garagiste, parking, peage);1 671;899;1 155;1 270;1 491;1 717;1 785;1 895;2 012;2 209;2 274
721;0721 - Pieces detachees et accessoires pour les vehicules personnels (hors ceux installes par un professionnel);136;56;97;95;128;136;161;114;190;197;185
722;0722 - Carburants et lubrifiants, antigel…;1 108;622;754;868;1 006;1 174;1 196;1 333;1 288;1 462;1 375
723;0723 - Services d’entretien et reparation des vehicules personnels;293;151;214;235;266;279;329;307;360;381;412
724;0724 - Autres services lies a l’utilisation de vehicules personnels;134;70;90;71;92;127;99;140;175;170;302
73;073 - Services de transport;529;464;356;257;327;347;426;559;512;760;1 278
736;0736 - Autres services de transport;15;7;5;6;12;13;17;13;13;20;46
7361;07361 - Autres services de transport (yc demenagement);15;7;5;6;12;13;17;13;13;20;46
073zz;073Z - Services de transport;514;457;351;251;315;334;410;546;499;740;1 232
073ZZ;073ZZ - Services de transport;514;457;351;251;315;334;410;546;499;740;1 232
74;074 - Autres depenses de transport;365;166;180;178;211;220;331;344;438;565;1 010
741;0741 - Autres depenses de transport;365;166;180;178;211;220;331;344;438;565;1 010
0741Z;0741Z - Autres depenses de transport;365;166;180;178;211;220;331;344;438;565;1 010
8;08 - COMMUNICATIONS;743;647;657;654;702;704;746;776;800;851;894
81;081 - Communications et services postaux;743;647;657;654;702;704;746;776;800;851;894
810;0811 - Services postaux;22;12;15;18;17;17;25;31;21;35;34
8111;08111 - Services postaux (yc timbres, enveloppes);22;12;15;18;17;17;25;31;21;35;34
820;0812 - Achats de telephones et telecopieurs;86;68;70;63;72;76;69;103;113;106;119
8121;08121 - Achats et reparation telephones fixes ou portables, telecopieurs et accessoires;86;68;70;63;72;76;69;103;113;106;119
830;0813 - Services de telephone, telegraphe et telecopie, internet, recharges telephoniques;635;567;573;573;614;611;652;643;666;710;741
8131;08131 - Services de telephone et fax, internet, recharges telephoniques;635;567;573;573;614;611;652;643;666;710;741
9;09 - LOISIRS ET CULTURE;2 566;1 255;1 233;1 478;1 780;1 966;2 430;2 787;3 234;4 151;5 326
91;091 - Equipements audiovisuels, photographiques et informatiques;257;167;154;162;177;211;228;318;298;368;482
911;0911 - Appareils de reception, d’enregistrement et de reproduction, du son et de l’image;93;51;65;58;54;86;68;153;116;108;168
0911Z;0911Z - Appareils de reception, d’enregistrement et de reproduction, du son et de l’image;93;51;65;58;54;86;68;153;116;108;168
913;0913 - Equipement informatique;90;67;56;66;63;68;75;88;104;138;178
9131;09131 - Micro-ordinateurs, tablettes, materiels et accessoires informatiques (yc pieces detachees), consommables;90;67;56;66;63;68;75;88;104;138;178
914;0914 - Supports d enregistrement pour l image et le son;48;25;26;30;47;44;50;51;56;68;85
9141;09141 - Supports vierges ou enregistres pour l’image et le son (yc telechargement);48;25;26;30;47;44;50;51;56;68;85
915;091A - Equipement photo, cinema, optique;26;25;6;10;14;12;36;27;22;55;51
091AZ;091AZ - Equipement photo, cinema, optique;26;25;6;10;14;12;36;27;22;55;51
92;092 - Autres biens durables importants du domaine des loisirs et de la culture;94;5;15;58;11;10;83;50;324;266;119
092zz;092Z - Autres biens durables importants du domaine des loisirs et de la culture;94;5;15;58;11;10;83;50;324;266;119
092ZZ;092ZZ - Autres biens durables importants du domaine des loisirs et de la culture;94;5;15;58;11;10;83;50;324;266;119
93;093 - Autres articles et equipements de loisirs, de jardinage et animaux d’agrement;472;319;275;329;356;405;552;565;558;700;661
931;0931 - Jeux, jouets et passe temps, articles de sport, de camping et de loisirs en plein air;167;126;101;138;117;172;214;187;208;199;211
0931Z;0931Z - Jeux, jouets et passe temps, articles de sport, de camping et de loisirs en plein air;167;126;101;138;117;172;214;187;208;199;211
932;0932 - Horticulture, accessoires et frais de livraison;143;71;61;75;96;108;167;151;177;265;261
9321;09321 - Horticulture, accessoires et frais de livraison;143;71;61;75;96;108;167;151;177;265;261
093AZ;093A - Animaux d’agrement;161;123;113;116;143;125;170;227;173;236;188
093AZ;093AZ - Animaux d’agrement;161;123;113;116;143;125;170;227;173;236;188
94;094 - Services sportifs, recreatifs et culturels;829;430;436;523;619;689;776;902;905;1 365;1 638
941;0941 - Services sportifs et recreatifs;325;118;131;184;164;213;276;328;317;710;800
9411;09411 - Services sportifs et recreatifs (spectacles sportifs, participation loisirs, location materiel, cours et cotisations de loisirs, abonnement jeu video... );325;118;131;184;164;213;276;328;317;710;800
942;0942 - Services culturels;466;290;282;312;410;435;443;528;549;611;799
0942Z;0942Z - Services culturels;466;290;282;312;410;435;443;528;549;611;799
943;0943 - jeux de hasard (loto, tierce …);38;22;23;26;45;40;57;47;39;44;38
9431;09431 - jeux de hasard (loto, tierce …);38;22;23;26;45;40;57;47;39;44;38
95;095 - Edition, presse, papeterie;315;155;174;197;288;264;300;343;370;409;650
951;0951 - Livres;117;82;53;68;91;83;90;118;130;162;291
9511;09511 - Livres yc e-books;117;82;53;68;91;83;90;118;130;162;291
952;0952 - Journaux et periodiques;114;32;76;76;116;116;122;124;133;141;206
9521;09521 - Journaux et periodiques yc par abonnement;114;32;76;76;116;116;122;124;133;141;206
953;0953 - Imprimes divers;12;3;7;6;9;13;15;14;14;18;25
9531;09531 - Imprimes divers (carte postale, de visite, poster, calendrier, carte routiere, autocollant…);12;3;7;6;9;13;15;14;14;18;25
954;0954 - Articles de papeterie et de dessin;72;38;38;48;72;53;72;87;92;88;129
9541;09541 - Articles de papeterie et de dessin (yc toner pour imprimante);72;38;38;48;72;53;72;87;92;88;129
96;096 - Voyages a forfait;363;89;93;107;174;227;276;340;474;677;1 171
960;0961 - Voyages a forfait;363;89;93;107;174;227;276;340;474;677;1 171
9611;09611 - Voyages a forfait, week-end, excursions… yc voyage scolaire;363;89;93;107;174;227;276;340;474;677;1 171
97;097 - Autres depenses de loisirs;235;90;87;101;155;160;215;269;306;366;604
971;0971 - Autres depenses de loisirs;235;90;87;101;155;160;215;269;306;366;604
0971Z;0971Z - Autres depenses de loisirs;235;90;87;101;155;160;215;269;306;366;604
10;10 - ENSEIGNEMENT;214;295;230;93;169;131;134;159;202;249;472
101;101 - Frais d enseignement, services educatifs;214;295;230;93;169;131;134;159;202;249;472
1011;1011 - Enseignement maternel et primaire;22;11;36;11;10;21;11;23;18;23;55
10111;10111 - Enseignement maternel et primaire (scolarite et cours d’alphabetisation);22;11;36;11;10;21;11;23;18;23;55
1020;1012 - Enseignement secondaire;47;35;61;30;28;44;33;47;38;63;90
10121;10121 - Enseignement secondaire (scolarite et inscription aux concours de niveau secondaire);25;24;25;19;18;23;22;24;20;40;35
1040;1013 - Enseignement superieur;140;250;130;52;113;84;81;101;157;171;254
10131;10131 - Enseignement superieur et frais d’inscription aux concours des grandes ecoles;115;208;121;36;102;73;58;83;135;147;184
1014;1014 - Enseignement ne correspondant a aucun niveau particulier;25;42;9;16;11;11;23;18;22;24;70
10141;10141 - Enseignement ne correspondant a aucun niveau particulier (cours particuliers, enseignement professionnel par correspondance…);25;42;9;16;11;11;23;18;22;24;70
1015;1015 - Autres depenses d’enseignement;28;11;39;11;29;3;20;12;8;15;129
1015Z;1015Z - Autres depenses d’enseignement;28;11;39;11;29;3;20;12;8;15;129
11;11 - RESTAURATION ET HÔTELS;1 972;851;939;1 000;1 373;1 524;1 766;1 969;2 338;3 011;4 928
111;111 - Restauration;1 635;763;792;876;1 139;1 319;1 541;1 651;1 928;2 468;3 857
1111;1111 - Restaurants et cafes;1 023;424;433;536;686;815;992;1 030;1 213;1 599;2 499
11111;11111 - Repas pris dans un restaurant;575;150;184;250;342;401;523;545;690;971;1 691
11112;11112 - Repas pris dans un cafe, bars ou assimile;448;274;249;286;344;414;468;484;523;628;808
1112;1112 - Cantines;358;258;277;247;299;339;346;379;380;437;615
11121;11121 - Cantines scolaire et professionnelle;358;258;277;247;299;339;346;379;380;437;615
1113;1113 - Autres depenses de restauration;253;81;82;92;154;166;204;242;335;432;744
1113Z;1113Z - Autres depenses de restauration;253;81;82;92;154;166;204;242;335;432;744
112;112 - Services d hebergement;337;88;147;125;234;205;225;317;410;543;1 071
1120;1121 - Services d hebergement;337;88;147;125;234;205;225;317;410;543;1 071
11211;11211 - Services d hebergement;337;88;147;125;234;205;225;317;410;543;1 071
12;12 - BIENS ET SERVICES DIVERS;4 343;2 082;2 641;3 253;3 445;3 786;4 454;4 807;5 647;5 806;7 485
121;121 - Services et produits de soins personnels;754;392;463;520;609;666;772;836;957;1 069;1 250
1211;1211 - Salons de coiffure et esthetique corporelle;337;173;180;224;252;306;339;389;415;479;612
12111;12111 - Salons de coiffure et esthetique corporelle (yc cures thermales, tatouages, piercings);337;173;180;224;252;306;339;389;415;479;612
1212;1212 - Appareils, articles et produits pour les soins personnels;0;0;0;0;0;0;0;0;0;0;0
1213;1212Z - Appareils, articles et produits pour les soins personnels;417;219;282;296;356;360;433;447;541;591;638
123;123 - Effets personnels;171;90;74;99;104;98;146;169;240;269;420
1231;1231 - Articles de bijouterie de joaillerie et d’horlogerie;55;40;14;22;28;27;46;49;79;70;175
12311;12311 - Articles de bijouterie, de joaillerie et d’horlogerie (yc leur reparation);55;40;14;22;28;27;46;49;79;70;175
1232;1232 - Autres effets personnels : maroquinerie, accessoires (briquet, parapluie, lunettes de soleil…), equipements pour bebes, articles funeraires;71;29;39;42;44;39;55;81;109;135;140
1232Z;1232Z - Autres effets personnels : maroquinerie, accessoires (briquet, parapluie, lunettes de soleil…), equipements pour bebes, articles funeraires;71;29;39;42;44;39;55;81;109;135;140
1233;1233 - Autres biens et services : cadeau offert (a des personnes exterieures au menage);44;21;21;35;32;31;45;39;52;64;104
12331;12331 - Autres biens et services offerts (a des personnes exterieures au menage);44;21;21;35;32;31;45;39;52;64;104
124;124 - Protection sociale;309;41;94;169;130;234;307;376;638;506;591
1240;1241 - Services de protection sociale;309;41;94;169;130;234;307;376;638;506;591
12411;12411 - Services de protection sociale (assistante maternelle, creche, maison de retraite, foyer);309;41;94;169;130;234;307;376;638;506;591
125;125 - Assurances;2 325;1 221;1 665;1 923;2 193;2 265;2 487;2 567;2 711;2 849;3 355
1251;1251 - Assurances vie, deces;39;21;30;35;43;40;37;44;47;43;52
12511;12511 - Assurances vie, deces;39;21;30;35;43;40;37;44;47;43;52
1252;1252 - Assurances liees au logement;371;258;305;320;346;347;371;391;398;425;546
12521;12521 - Assurances liees au logement;371;258;305;320;346;347;371;391;398;425;546
1253;1253 - Assurances liees a la sante;1 093;493;784;942;1 096;1 101;1 193;1 208;1 271;1 333;1 499
12531;12531 - Assurances liees a la sante;1 093;493;784;942;1 096;1 101;1 193;1 208;1 271;1 333;1 499
1254;1254 - Assurances liees aux transports;675;374;457;538;598;676;727;779;837;828;937
12541;12541 - Assurances liees aux transports (yc assurance voyage);675;374;457;538;598;676;727;779;837;828;937
1255;1255 - Autres assurances;147;74;89;87;110;101;159;145;158;220;322
12551;12551 - Autres assurances (pack assurance, scolaire, dependance, prevoyance, animaux, obseques);147;74;89;87;110;101;159;145;158;220;322
126;126 - Services financiers;148;108;124;127;139;138;152;153;163;181;196
1262;1261 - Services financiers;148;108;124;127;139;138;152;153;163;181;196
12611;12611 - Services financiers;148;108;124;127;139;138;152;153;163;181;196
127;127 - Autres services;589;212;201;392;242;346;557;633;844;867;1 591
1270;1271 - Autres services;589;212;201;392;242;346;557;633;844;867;1 591
1271Z;1271Z - Autres services;589;212;201;392;242;346;557;633;844;867;1 591
128;128 - Autres depenses de ceremonie;26;7;10;8;13;24;25;48;45;42;42
1281;1281 - Autres depenses occasionnees par une ceremonie;26;7;10;8;13;24;25;48;45;42;42
12811;12811 - Autres depenses occasionnees par une ceremonie;26;7;10;8;13;24;25;48;45;42;42
129;129 - Depenses SAI des personnes hors domicile;21;11;11;16;15;14;9;24;50;23;40
1291;1291 - Depenses SAI des personnes vivant hors du domicile au moins un jour par semaine;21;11;11;16;15;14;9;24;50;23;40
12911;12911 - Depenses SAI des personnes vivant hors du domicile au moins un jour par semaine;21;11;11;16;15;14;9;24;50;23;40
